<?xml version="1.0" encoding="UTF-8"?>

<META xmlns="http://www.w3.org/2002/01/P3Pv1">
    <POLICY-REFERENCES>

        <POLICY-REF about="#Politicas_de_Privacidad">
            <INCLUDE>/*</INCLUDE>
        </POLICY-REF> 
    </POLICY-REFERENCES>
    <POLICIES xmlns="http://www.w3.org/2002/01/P3Pv1">
        <EXPIRY max-age="604800"/>
        <POLICY name="Politicas_de_Privacidad" discuri="http://www.impi.gob.mx/wb/IMPI/politicas_de_privacidad_y_manejo_de_la_informacion" opturi="http://www.impi.gob.mx/wb/IMPI/contacto_">
            <ENTITY>
                <DATA-GROUP>
					<DATA ref="#business.name">Instituto Mexicano de la Propiedad Intelectual</DATA>
					<DATA ref="#business.contact-info.online.email">buzon@impi.gob.mx</DATA>
					<DATA ref="#business.contact-info.online.uri">http://www.impi.gob.mx</DATA>
					<DATA ref="#business.contact-info.telecom.telephone.number">52 5334 0700</DATA>
					<DATA ref="#business.contact-info.postal.organization">Instituto Mexicano de la Propiedad Intelectual</DATA>
					<DATA ref="#business.contact-info.postal.street">Perifrico Sur 3106 Col Jardines del Pedregal</DATA>
					<DATA ref="#business.contact-info.postal.city">Mexico</DATA>
					<DATA ref="#business.contact-info.postal.stateprov">D.F.</DATA>
					<DATA ref="#business.contact-info.postal.postalcode">01900</DATA>
					<DATA ref="#business.contact-info.postal.country">Mexico</DATA>
				</DATA-GROUP>
            </ENTITY>
            <ACCESS>
                <all/>
            </ACCESS>
            <STATEMENT>
                <CONSEQUENCE>Este sitio mantiene los logs de su servidor web. Web server logs are maintained for this web-site.</CONSEQUENCE>
                 <PURPOSE>
                    <current/>
                    <admin/>
                    <develop/>
                    <pseudo-analysis/>
                    <pseudo-decision/>
                    <tailoring/>
                </PURPOSE>
                <RECIPIENT>
                    <ours/>
                </RECIPIENT>
                <RETENTION>
                    <business-practices/>
                </RETENTION>
                <DATA-GROUP>
                    <DATA ref="#dynamic.clickstream"></DATA>
                    <DATA ref="#dynamic.clientevents"></DATA>
                    <DATA ref="#dynamic.http"></DATA>
                    <DATA ref="#dynamic.searchtext"></DATA>
                </DATA-GROUP>
            </STATEMENT>
            <STATEMENT>
                <CONSEQUENCE>Se utiliza un servicio provisto por terceros para registrar las estadisticas de acceso al sitio. A third-party service is used to track server analytics in addition to our own web server logs.</CONSEQUENCE>
                    <PURPOSE>
                    <current/>
                    <admin/>
                    <develop/>
                    <pseudo-analysis/>
                    <pseudo-decision/>
                    <tailoring/>
                </PURPOSE>
                <RECIPIENT>
                    <ours/>
                </RECIPIENT>
                <RETENTION>
                    <business-practices/>
                </RETENTION>
                <DATA-GROUP>
                    <DATA ref="#dynamic.clickstream"></DATA>
                    <DATA ref="#dynamic.clientevents"></DATA>
                    <DATA ref="#dynamic.http"></DATA>
                    <DATA ref="#dynamic.searchtext"></DATA>
                </DATA-GROUP>
            </STATEMENT>
            <STATEMENT>
                <CONSEQUENCE>Este sitio utiliza una forma de contacto que le requiere voluntariamente al usuario su nombre y correo electronico. A contact form is provided that will require you to voluntarily enter your e-mail address and/or your name and phone number.</CONSEQUENCE>
                 <PURPOSE>
                    <current/>
                    <admin/>
                    <develop/>
                    <tailoring/>
                </PURPOSE>
                <RECIPIENT>
                    <ours/>
                </RECIPIENT>
                <RETENTION>
                    <business-practices/>
                </RETENTION>
                <DATA-GROUP>
                    <DATA ref="#user.home-info.online.email"></DATA>
                    <DATA ref="#user.home-info.telecom.telephone"></DATA>
                    <DATA ref="#user.name.family"></DATA>
                    <DATA ref="#user.name.given"></DATA>
                </DATA-GROUP>
            </STATEMENT>
        </POLICY>
    </POLICIES>
</META>