<model>
<id>comm</id>
<namespace>http://www.comm.swb#</namespace>
<title>comm</title>
<description>null</description>
<model>
<type>http://www.semanticwebbuilder.org/swb4/ontology#UserRepository</type>
<id>comm_usr</id>
<namespace>http://user.comm.swb#</namespace>
<title>null</title>
<description>null</description>
</model>
<model>
<type>http://www.semanticwebbuilder.org/swb4/repository#Workspace</type>
<id>comm_rep</id>
<namespace>http://repository.comm.swb#</namespace>
<title>null</title>
<description>null</description>
</model>
</model>