<form class="swbform">
    <fieldset>
      <legend>Datos Generales como prueba del George</legend>
      <table>
     <tr>
       <td width="200px" align="right"><label class="swpt:Incidente" prop="title" prueba="" /></td>
       <td><property class="swpt:Incidente" prop="title" prueba1="" formElement="swbxf:TextBox" Mode="edit" /></td>
    </tr>
     <tr>
       <td width="200px" align="right"><label class="swpt:Incidente" prop="description" prueba="" /></td>
       <td><property class="swpt:Incidente" prop="description" prueba1="" formElement="swbxf:TextArea_Description" Mode="edit" /></td>
    </tr>
     <tr>
       <td width="200px" align="right"><label class="swpt:Incidente" prop="cliente" prueba="" /></td>
       <td><property class="swpt:Incidente" prop="cliente" prueba1="" formElement="swbxf:selectOneModel" Mode="edit" /></td>
    </tr>
     <tr>
       <td width="200px" align="right"><label class="swpt:Incidente" prop="creator" prueba="" /></td>
       <td><property class="swpt:Incidente" prop="creator" prueba1=""  Mode="edit" /></td>
    </tr>
      </table> 
      </fieldset> 
      <fieldset>
          <Button type="submit" name="accept" title="Concluir Tarea" isBusyButton="true" />
          <Button type="cancelbtn"/>
      </fieldset>
</form>