<form class="swbform">
    <fieldset>
      <legend>Datos Generales</legend>
      <table>
     <tr>
       <td width="200px" align="right"><label name="device.title" /></td>
       <td><property name="device.title" formElement="swbxf:TextBox" mode="edit" /></td>
    </tr>
     <tr>
       <td width="200px" align="right"><label name="device.description" /></td>
       <td><property name="device.description" formElement="swbxf:TextArea_Description" mode="edit" /></td>
    </tr>
      </table> 
      </fieldset> 
      <fieldset>
          <Button type="submit" name="accept" title="Concluir Tarea" isBusyButton="true" />
          <Button type="cancelbtn"/>
      </fieldset>
</form>