<model>
<id>process</id>
<namespace>http://www.process.swb#</namespace>
<title>process</title>
<description>null</description>
<model>
<type>http://www.semanticwebbuilder.org/swb4/ontology#UserRepository</type>
<id>process_usr</id>
<namespace>http://user.process.swb#</namespace>
<title>Repositorio de usuarios(process)</title>
<description>null</description>
</model>
<model>
<type>http://www.semanticwebbuilder.org/swb4/repository#Workspace</type>
<id>process_rep</id>
<namespace>http://repository.process.swb#</namespace>
<title>Repositorio de documentos(process)</title>
<description>null</description>
</model>
<model>
<type>http://www.semanticwebbuilder.org/swb4/process#ProcessDataInstanceModel</type>
<id>process_pdim</id>
<namespace>http://pdim.process.swb#</namespace>
<title>null</title>
<description>null</description>
</model>
</model>