<model>
<id>Prueba_AP</id>
<namespace>http://www.Prueba_AP.swb#</namespace>
<title>Prueba_AP</title>
<description>null</description>
<model>
<type>http://www.semanticwebbuilder.org/swb4/ontology#UserRepository</type>
<id>Prueba_AP_usr</id>
<namespace>http://user.Prueba_AP.swb#</namespace>
<title>Repositorio de usuarios(Prueba_AP)</title>
<description>null</description>
</model>
<model>
<type>http://www.semanticwebbuilder.org/swb4/repository#Workspace</type>
<id>Prueba_AP_rep</id>
<namespace>http://repository.Prueba_AP.swb#</namespace>
<title>Repositorio de documentos(Prueba_AP)</title>
<description>null</description>
</model>
<model>
<type>http://www.semanticwebbuilder.org/swb4/process#ProcessDataInstanceModel</type>
<id>Prueba_AP_pdim</id>
<namespace>http://pdim.Prueba_AP.swb#</namespace>
<title>null</title>
<description>null</description>
</model>
</model>